{
  "x264_fast": {
    "codec": "x264_fast",
    "encode_time": 33.028630454,
    "decode_time": 3.017884321,
    "fps": 0,
    "score": 36.046514775
  },
  "x264_medium": {
    "codec": "x264_medium",
    "encode_time": 35.57440402,
    "decode_time": 2.983975622,
    "fps": 0,
    "score": 32.131983035000005
  }
}